Title,Identifier,LowerCorner,UpperCorner,Format,TileMatrixSetLinks,ResourceURL_Template
World Imagery (Wayback 2024-10-10),WB_2024_R11,-2.003750722959434E7 -2.003750722959434E7,2.003750722959434E7 2.003750722959434E7,,"default028mm, GoogleMapsCompatible",https://wayback.maptiles.arcgis.com/arcgis/rest/services/World_Imagery/WMTS/1.0.0/{TileMatrixSet}/MapServer/tile/56450/{TileMatrix}/{TileRow}/{TileCol}
World Imagery (Wayback 2024-09-19),WB_2024_R10,-2.003750722959434E7 -2.003750722959434E7,2.003750722959434E7 2.003750722959434E7,,"default028mm, GoogleMapsCompatible",https://wayback.maptiles.arcgis.com/arcgis/rest/services/World_Imagery/WMTS/1.0.0/{TileMatrixSet}/MapServer/tile/20337/{TileMatrix}/{TileRow}/{TileCol}
World Imagery (Wayback 2024-08-15),WB_2024_R08,-2.003750722959434E7 -2.003750722959434E7,2.003750722959434E7 2.003750722959434E7,,"default028mm, GoogleMapsCompatible",https://wayback.maptiles.arcgis.com/arcgis/rest/services/World_Imagery/WMTS/1.0.0/{TileMatrixSet}/MapServer/tile/32553/{TileMatrix}/{TileRow}/{TileCol}
World Imagery (Wayback 2024-06-27),WB_2024_R07,-2.003750722959434E7 -2.003750722959434E7,2.003750722959434E7 2.003750722959434E7,,"default028mm, GoogleMapsCompatible",https://wayback.maptiles.arcgis.com/arcgis/rest/services/World_Imagery/WMTS/1.0.0/{TileMatrixSet}/MapServer/tile/39767/{TileMatrix}/{TileRow}/{TileCol}
World Imagery (Wayback 2024-06-06),WB_2024_R06,-2.003750722959434E7 -2.003750722959434E7,2.003750722959434E7 2.003750722959434E7,,"default028mm, GoogleMapsCompatible",https://wayback.maptiles.arcgis.com/arcgis/rest/services/World_Imagery/WMTS/1.0.0/{TileMatrixSet}/MapServer/tile/12428/{TileMatrix}/{TileRow}/{TileCol}
World Imagery (Wayback 2024-05-09),WB_2024_R05,-2.003750722959434E7 -2.003750722959434E7,2.003750722959434E7 2.003750722959434E7,,"default028mm, GoogleMapsCompatible",https://wayback.maptiles.arcgis.com/arcgis/rest/services/World_Imagery/WMTS/1.0.0/{TileMatrixSet}/MapServer/tile/52930/{TileMatrix}/{TileRow}/{TileCol}
World Imagery (Wayback 2024-03-28),WB_2024_R03,-2.003750722959434E7 -2.003750722959434E7,2.003750722959434E7 2.003750722959434E7,,"default028mm, GoogleMapsCompatible",https://wayback.maptiles.arcgis.com/arcgis/rest/services/World_Imagery/WMTS/1.0.0/{TileMatrixSet}/MapServer/tile/13968/{TileMatrix}/{TileRow}/{TileCol}
World Imagery (Wayback 2024-03-07),WB_2024_R02,-2.003750722959434E7 -2.003750722959434E7,2.003750722959434E7 2.003750722959434E7,,"default028mm, GoogleMapsCompatible",https://wayback.maptiles.arcgis.com/arcgis/rest/services/World_Imagery/WMTS/1.0.0/{TileMatrixSet}/MapServer/tile/60013/{TileMatrix}/{TileRow}/{TileCol}
World Imagery (Wayback 2024-02-08),WB_2024_R01,-2.003750722959434E7 -2.003750722959434E7,2.003750722959434E7 2.003750722959434E7,,"default028mm, GoogleMapsCompatible",https://wayback.maptiles.arcgis.com/arcgis/rest/services/World_Imagery/WMTS/1.0.0/{TileMatrixSet}/MapServer/tile/37965/{TileMatrix}/{TileRow}/{TileCol}
World Imagery (Wayback 2024-01-18),WB_2024_R00,-2.003750722959434E7 -2.003750722959434E7,2.003750722959434E7 2.003750722959434E7,,"default028mm, GoogleMapsCompatible",https://wayback.maptiles.arcgis.com/arcgis/rest/services/World_Imagery/WMTS/1.0.0/{TileMatrixSet}/MapServer/tile/41468/{TileMatrix}/{TileRow}/{TileCol}
World Imagery (Wayback 2023-12-07),WB_2023_R11,-2.003750722959434E7 -2.003750722959434E7,2.003750722959434E7 2.003750722959434E7,,"default028mm, GoogleMapsCompatible",https://wayback.maptiles.arcgis.com/arcgis/rest/services/World_Imagery/WMTS/1.0.0/{TileMatrixSet}/MapServer/tile/56102/{TileMatrix}/{TileRow}/{TileCol}
World Imagery (Wayback 2023-11-01),WB_2023_R10,-2.003750722959434E7 -2.003750722959434E7,2.003750722959434E7 2.003750722959434E7,,"default028mm, GoogleMapsCompatible",https://wayback.maptiles.arcgis.com/arcgis/rest/services/World_Imagery/WMTS/1.0.0/{TileMatrixSet}/MapServer/tile/12457/{TileMatrix}/{TileRow}/{TileCol}
World Imagery (Wayback 2023-10-11),WB_2023_R09,-2.003750722959434E7 -2.003750722959434E7,2.003750722959434E7 2.003750722959434E7,,"default028mm, GoogleMapsCompatible",https://wayback.maptiles.arcgis.com/arcgis/rest/services/World_Imagery/WMTS/1.0.0/{TileMatrixSet}/MapServer/tile/1034/{TileMatrix}/{TileRow}/{TileCol}
World Imagery (Wayback 2023-08-31),WB_2023_R08,-2.003750722959434E7 -2.003750722959434E7,2.003750722959434E7 2.003750722959434E7,,"default028mm, GoogleMapsCompatible",https://wayback.maptiles.arcgis.com/arcgis/rest/services/World_Imagery/WMTS/1.0.0/{TileMatrixSet}/MapServer/tile/64776/{TileMatrix}/{TileRow}/{TileCol}
World Imagery (Wayback 2023-08-10),WB_2023_R07,-2.003750722959434E7 -2.003750722959434E7,2.003750722959434E7 2.003750722959434E7,,"default028mm, GoogleMapsCompatible",https://wayback.maptiles.arcgis.com/arcgis/rest/services/World_Imagery/WMTS/1.0.0/{TileMatrixSet}/MapServer/tile/17632/{TileMatrix}/{TileRow}/{TileCol}
World Imagery (Wayback 2023-06-29),WB_2023_R06,-2.003750722959434E7 -2.003750722959434E7,2.003750722959434E7 2.003750722959434E7,,"default028mm, GoogleMapsCompatible",https://wayback.maptiles.arcgis.com/arcgis/rest/services/World_Imagery/WMTS/1.0.0/{TileMatrixSet}/MapServer/tile/47963/{TileMatrix}/{TileRow}/{TileCol}
World Imagery (Wayback 2023-06-13),WB_2023_R05,-2.003750722959434E7 -2.003750722959434E7,2.003750722959434E7 2.003750722959434E7,,"default028mm, GoogleMapsCompatible",https://wayback.maptiles.arcgis.com/arcgis/rest/services/World_Imagery/WMTS/1.0.0/{TileMatrixSet}/MapServer/tile/25982/{TileMatrix}/{TileRow}/{TileCol}
World Imagery (Wayback 2023-05-03),WB_2023_R04,-2.003750722959434E7 -2.003750722959434E7,2.003750722959434E7 2.003750722959434E7,,"default028mm, GoogleMapsCompatible",https://wayback.maptiles.arcgis.com/arcgis/rest/services/World_Imagery/WMTS/1.0.0/{TileMatrixSet}/MapServer/tile/46399/{TileMatrix}/{TileRow}/{TileCol}
World Imagery (Wayback 2023-04-05),WB_2023_R03,-2.003750722959434E7 -2.003750722959434E7,2.003750722959434E7 2.003750722959434E7,,"default028mm, GoogleMapsCompatible",https://wayback.maptiles.arcgis.com/arcgis/rest/services/World_Imagery/WMTS/1.0.0/{TileMatrixSet}/MapServer/tile/37890/{TileMatrix}/{TileRow}/{TileCol}
World Imagery (Wayback 2023-03-15),WB_2023_R02,-2.003750722959434E7 -2.003750722959434E7,2.003750722959434E7 2.003750722959434E7,,"default028mm, GoogleMapsCompatible",https://wayback.maptiles.arcgis.com/arcgis/rest/services/World_Imagery/WMTS/1.0.0/{TileMatrixSet}/MapServer/tile/44873/{TileMatrix}/{TileRow}/{TileCol}
World Imagery (Wayback 2023-02-23),WB_2023_R01,-2.003750722959434E7 -2.003750722959434E7,2.003750722959434E7 2.003750722959434E7,,"default028mm, GoogleMapsCompatible",https://wayback.maptiles.arcgis.com/arcgis/rest/services/World_Imagery/WMTS/1.0.0/{TileMatrixSet}/MapServer/tile/57965/{TileMatrix}/{TileRow}/{TileCol}
World Imagery (Wayback 2023-01-11),WB_2023_R00,-2.003750722959434E7 -2.003750722959434E7,2.003750722959434E7 2.003750722959434E7,,"default028mm, GoogleMapsCompatible",https://wayback.maptiles.arcgis.com/arcgis/rest/services/World_Imagery/WMTS/1.0.0/{TileMatrixSet}/MapServer/tile/11475/{TileMatrix}/{TileRow}/{TileCol}
World Imagery (Wayback 2022-12-14),WB_2022_R15,-2.003750722959434E7 -2.003750722959434E7,2.003750722959434E7 2.003750722959434E7,,"default028mm, GoogleMapsCompatible",https://wayback.maptiles.arcgis.com/arcgis/rest/services/World_Imagery/WMTS/1.0.0/{TileMatrixSet}/MapServer/tile/45134/{TileMatrix}/{TileRow}/{TileCol}
World Imagery (Wayback 2022-11-02),WB_2022_R14,-2.003750722959434E7 -2.003750722959434E7,2.003750722959434E7 2.003750722959434E7,,"default028mm, GoogleMapsCompatible",https://wayback.maptiles.arcgis.com/arcgis/rest/services/World_Imagery/WMTS/1.0.0/{TileMatrixSet}/MapServer/tile/7110/{TileMatrix}/{TileRow}/{TileCol}
World Imagery (Wayback 2022-10-12),WB_2022_R13,-2.003750722959434E7 -2.003750722959434E7,2.003750722959434E7 2.003750722959434E7,,"default028mm, GoogleMapsCompatible",https://wayback.maptiles.arcgis.com/arcgis/rest/services/World_Imagery/WMTS/1.0.0/{TileMatrixSet}/MapServer/tile/44988/{TileMatrix}/{TileRow}/{TileCol}
World Imagery (Wayback 2022-09-21),WB_2022_R12,-2.003750722959434E7 -2.003750722959434E7,2.003750722959434E7 2.003750722959434E7,,"default028mm, GoogleMapsCompatible",https://wayback.maptiles.arcgis.com/arcgis/rest/services/World_Imagery/WMTS/1.0.0/{TileMatrixSet}/MapServer/tile/47471/{TileMatrix}/{TileRow}/{TileCol}
World Imagery (Wayback 2022-08-31),WB_2022_R11,-2.003750722959434E7 -2.003750722959434E7,2.003750722959434E7 2.003750722959434E7,,"default028mm, GoogleMapsCompatible",https://wayback.maptiles.arcgis.com/arcgis/rest/services/World_Imagery/WMTS/1.0.0/{TileMatrixSet}/MapServer/tile/45441/{TileMatrix}/{TileRow}/{TileCol}
World Imagery (Wayback 2022-08-10),WB_2022_R10,-2.003750722959434E7 -2.003750722959434E7,2.003750722959434E7 2.003750722959434E7,,"default028mm, GoogleMapsCompatible",https://wayback.maptiles.arcgis.com/arcgis/rest/services/World_Imagery/WMTS/1.0.0/{TileMatrixSet}/MapServer/tile/17825/{TileMatrix}/{TileRow}/{TileCol}
World Imagery (Wayback 2022-07-20),WB_2022_R09,-2.003750722959434E7 -2.003750722959434E7,2.003750722959434E7 2.003750722959434E7,,"default028mm, GoogleMapsCompatible",https://wayback.maptiles.arcgis.com/arcgis/rest/services/World_Imagery/WMTS/1.0.0/{TileMatrixSet}/MapServer/tile/13851/{TileMatrix}/{TileRow}/{TileCol}
World Imagery (Wayback 2022-06-29),WB_2022_R08,-2.003750722959434E7 -2.003750722959434E7,2.003750722959434E7 2.003750722959434E7,,"default028mm, GoogleMapsCompatible",https://wayback.maptiles.arcgis.com/arcgis/rest/services/World_Imagery/WMTS/1.0.0/{TileMatrixSet}/MapServer/tile/4905/{TileMatrix}/{TileRow}/{TileCol}
World Imagery (Wayback 2022-06-08),WB_2022_R07,-2.003750722959434E7 -2.003750722959434E7,2.003750722959434E7 2.003750722959434E7,,"default028mm, GoogleMapsCompatible",https://wayback.maptiles.arcgis.com/arcgis/rest/services/World_Imagery/WMTS/1.0.0/{TileMatrixSet}/MapServer/tile/44710/{TileMatrix}/{TileRow}/{TileCol}
World Imagery (Wayback 2022-05-18),WB_2022_R06,-2.003750722959434E7 -2.003750722959434E7,2.003750722959434E7 2.003750722959434E7,,"default028mm, GoogleMapsCompatible",https://wayback.maptiles.arcgis.com/arcgis/rest/services/World_Imagery/WMTS/1.0.0/{TileMatrixSet}/MapServer/tile/5314/{TileMatrix}/{TileRow}/{TileCol}
World Imagery (Wayback 2022-04-27),WB_2022_R05,-2.003750722959434E7 -2.003750722959434E7,2.003750722959434E7 2.003750722959434E7,,"default028mm, GoogleMapsCompatible",https://wayback.maptiles.arcgis.com/arcgis/rest/services/World_Imagery/WMTS/1.0.0/{TileMatrixSet}/MapServer/tile/16245/{TileMatrix}/{TileRow}/{TileCol}
World Imagery (Wayback 2022-04-06),WB_2022_R04,-2.003750722959434E7 -2.003750722959434E7,2.003750722959434E7 2.003750722959434E7,,"default028mm, GoogleMapsCompatible",https://wayback.maptiles.arcgis.com/arcgis/rest/services/World_Imagery/WMTS/1.0.0/{TileMatrixSet}/MapServer/tile/48232/{TileMatrix}/{TileRow}/{TileCol}
World Imagery (Wayback 2022-03-16),WB_2022_R03,-2.003750722959434E7 -2.003750722959434E7,2.003750722959434E7 2.003750722959434E7,,"default028mm, GoogleMapsCompatible",https://wayback.maptiles.arcgis.com/arcgis/rest/services/World_Imagery/WMTS/1.0.0/{TileMatrixSet}/MapServer/tile/10321/{TileMatrix}/{TileRow}/{TileCol}
World Imagery (Wayback 2022-02-24),WB_2022_R02,-2.003750722959434E7 -2.003750722959434E7,2.003750722959434E7 2.003750722959434E7,,"default028mm, GoogleMapsCompatible",https://wayback.maptiles.arcgis.com/arcgis/rest/services/World_Imagery/WMTS/1.0.0/{TileMatrixSet}/MapServer/tile/10312/{TileMatrix}/{TileRow}/{TileCol}
World Imagery (Wayback 2022-02-02),WB_2022_R01,-2.003750722959434E7 -2.003750722959434E7,2.003750722959434E7 2.003750722959434E7,,"default028mm, GoogleMapsCompatible",https://wayback.maptiles.arcgis.com/arcgis/rest/services/World_Imagery/WMTS/1.0.0/{TileMatrixSet}/MapServer/tile/26083/{TileMatrix}/{TileRow}/{TileCol}
World Imagery (Wayback 2022-01-12),WB_2022_R00,-2.003750722959434E7 -2.003750722959434E7,2.003750722959434E7 2.003750722959434E7,,"default028mm, GoogleMapsCompatible",https://wayback.maptiles.arcgis.com/arcgis/rest/services/World_Imagery/WMTS/1.0.0/{TileMatrixSet}/MapServer/tile/42663/{TileMatrix}/{TileRow}/{TileCol}
World Imagery (Wayback 2021-12-21),WB_2021_R17,-2.003750722959434E7 -2.003750722959434E7,2.003750722959434E7 2.003750722959434E7,,"default028mm, GoogleMapsCompatible",https://wayback.maptiles.arcgis.com/arcgis/rest/services/World_Imagery/WMTS/1.0.0/{TileMatrixSet}/MapServer/tile/26120/{TileMatrix}/{TileRow}/{TileCol}
World Imagery (Wayback 2021-11-30),WB_2021_R16,-2.003750722959434E7 -2.003750722959434E7,2.003750722959434E7 2.003750722959434E7,,"default028mm, GoogleMapsCompatible",https://wayback.maptiles.arcgis.com/arcgis/rest/services/World_Imagery/WMTS/1.0.0/{TileMatrixSet}/MapServer/tile/48624/{TileMatrix}/{TileRow}/{TileCol}
World Imagery (Wayback 2021-11-03),WB_2021_R15,-2.003750722959434E7 -2.003750722959434E7,2.003750722959434E7 2.003750722959434E7,,"default028mm, GoogleMapsCompatible",https://wayback.maptiles.arcgis.com/arcgis/rest/services/World_Imagery/WMTS/1.0.0/{TileMatrixSet}/MapServer/tile/42403/{TileMatrix}/{TileRow}/{TileCol}
World Imagery (Wayback 2021-10-13),WB_2021_R14,-2.003750722959434E7 -2.003750722959434E7,2.003750722959434E7 2.003750722959434E7,,"default028mm, GoogleMapsCompatible",https://wayback.maptiles.arcgis.com/arcgis/rest/services/World_Imagery/WMTS/1.0.0/{TileMatrixSet}/MapServer/tile/16749/{TileMatrix}/{TileRow}/{TileCol}
World Imagery (Wayback 2021-09-22),WB_2021_R13,-2.003750722959434E7 -2.003750722959434E7,2.003750722959434E7 2.003750722959434E7,,"default028mm, GoogleMapsCompatible",https://wayback.maptiles.arcgis.com/arcgis/rest/services/World_Imagery/WMTS/1.0.0/{TileMatrixSet}/MapServer/tile/51313/{TileMatrix}/{TileRow}/{TileCol}
World Imagery (Wayback 2021-09-01),WB_2021_R12,-2.003750722959434E7 -2.003750722959434E7,2.003750722959434E7 2.003750722959434E7,,"default028mm, GoogleMapsCompatible",https://wayback.maptiles.arcgis.com/arcgis/rest/services/World_Imagery/WMTS/1.0.0/{TileMatrixSet}/MapServer/tile/47568/{TileMatrix}/{TileRow}/{TileCol}
World Imagery (Wayback 2021-08-11),WB_2021_R11,-2.003750722959434E7 -2.003750722959434E7,2.003750722959434E7 2.003750722959434E7,,"default028mm, GoogleMapsCompatible",https://wayback.maptiles.arcgis.com/arcgis/rest/services/World_Imagery/WMTS/1.0.0/{TileMatrixSet}/MapServer/tile/51423/{TileMatrix}/{TileRow}/{TileCol}
World Imagery (Wayback 2021-07-21),WB_2021_R10,-2.003750722959434E7 -2.003750722959434E7,2.003750722959434E7 2.003750722959434E7,,"default028mm, GoogleMapsCompatible",https://wayback.maptiles.arcgis.com/arcgis/rest/services/World_Imagery/WMTS/1.0.0/{TileMatrixSet}/MapServer/tile/8432/{TileMatrix}/{TileRow}/{TileCol}
World Imagery (Wayback 2021-06-30),WB_2021_R09,-2.003750722959434E7 -2.003750722959434E7,2.003750722959434E7 2.003750722959434E7,,"default028mm, GoogleMapsCompatible",https://wayback.maptiles.arcgis.com/arcgis/rest/services/World_Imagery/WMTS/1.0.0/{TileMatrixSet}/MapServer/tile/13534/{TileMatrix}/{TileRow}/{TileCol}
World Imagery (Wayback 2021-06-09),WB_2021_R08,-2.003750722959434E7 -2.003750722959434E7,2.003750722959434E7 2.003750722959434E7,,"default028mm, GoogleMapsCompatible",https://wayback.maptiles.arcgis.com/arcgis/rest/services/World_Imagery/WMTS/1.0.0/{TileMatrixSet}/MapServer/tile/48376/{TileMatrix}/{TileRow}/{TileCol}
World Imagery (Wayback 2021-05-19),WB_2021_R07,-2.003750722959434E7 -2.003750722959434E7,2.003750722959434E7 2.003750722959434E7,,"default028mm, GoogleMapsCompatible",https://wayback.maptiles.arcgis.com/arcgis/rest/services/World_Imagery/WMTS/1.0.0/{TileMatrixSet}/MapServer/tile/15423/{TileMatrix}/{TileRow}/{TileCol}
World Imagery (Wayback 2021-04-28),WB_2021_R06,-2.003750722959434E7 -2.003750722959434E7,2.003750722959434E7 2.003750722959434E7,,"default028mm, GoogleMapsCompatible",https://wayback.maptiles.arcgis.com/arcgis/rest/services/World_Imagery/WMTS/1.0.0/{TileMatrixSet}/MapServer/tile/27659/{TileMatrix}/{TileRow}/{TileCol}
World Imagery (Wayback 2021-04-08),WB_2021_R05,-2.003750722959434E7 -2.003750722959434E7,2.003750722959434E7 2.003750722959434E7,,"default028mm, GoogleMapsCompatible",https://wayback.maptiles.arcgis.com/arcgis/rest/services/World_Imagery/WMTS/1.0.0/{TileMatrixSet}/MapServer/tile/6863/{TileMatrix}/{TileRow}/{TileCol}
World Imagery (Wayback 2021-03-17),WB_2021_R04,-2.003750722959434E7 -2.003750722959434E7,2.003750722959434E7 2.003750722959434E7,,"default028mm, GoogleMapsCompatible",https://wayback.maptiles.arcgis.com/arcgis/rest/services/World_Imagery/WMTS/1.0.0/{TileMatrixSet}/MapServer/tile/5359/{TileMatrix}/{TileRow}/{TileCol}
World Imagery (Wayback 2021-02-24),WB_2021_R03,-2.003750722959434E7 -2.003750722959434E7,2.003750722959434E7 2.003750722959434E7,,"default028mm, GoogleMapsCompatible",https://wayback.maptiles.arcgis.com/arcgis/rest/services/World_Imagery/WMTS/1.0.0/{TileMatrixSet}/MapServer/tile/9812/{TileMatrix}/{TileRow}/{TileCol}
World Imagery (Wayback 2021-01-13),WB_2021_R01,-2.003750722959434E7 -2.003750722959434E7,2.003750722959434E7 2.003750722959434E7,,"default028mm, GoogleMapsCompatible",https://wayback.maptiles.arcgis.com/arcgis/rest/services/World_Imagery/WMTS/1.0.0/{TileMatrixSet}/MapServer/tile/1049/{TileMatrix}/{TileRow}/{TileCol}
World Imagery (Wayback 2020-12-16),WB_2020_R16,-2.003750722959434E7 -2.003750722959434E7,2.003750722959434E7 2.003750722959434E7,,"default028mm, GoogleMapsCompatible",https://wayback.maptiles.arcgis.com/arcgis/rest/services/World_Imagery/WMTS/1.0.0/{TileMatrixSet}/MapServer/tile/29260/{TileMatrix}/{TileRow}/{TileCol}
World Imagery (Wayback 2020-11-18),WB_2020_R15,-2.003750722959434E7 -2.003750722959434E7,2.003750722959434E7 2.003750722959434E7,,"default028mm, GoogleMapsCompatible",https://wayback.maptiles.arcgis.com/arcgis/rest/services/World_Imagery/WMTS/1.0.0/{TileMatrixSet}/MapServer/tile/20753/{TileMatrix}/{TileRow}/{TileCol}
World Imagery (Wayback 2020-10-14),WB_2020_R14,-2.003750722959434E7 -2.003750722959434E7,2.003750722959434E7 2.003750722959434E7,,"default028mm, GoogleMapsCompatible",https://wayback.maptiles.arcgis.com/arcgis/rest/services/World_Imagery/WMTS/1.0.0/{TileMatrixSet}/MapServer/tile/119/{TileMatrix}/{TileRow}/{TileCol}
World Imagery (Wayback 2020-09-23),WB_2020_R13,-2.003750722959434E7 -2.003750722959434E7,2.003750722959434E7 2.003750722959434E7,,"default028mm, GoogleMapsCompatible",https://wayback.maptiles.arcgis.com/arcgis/rest/services/World_Imagery/WMTS/1.0.0/{TileMatrixSet}/MapServer/tile/19187/{TileMatrix}/{TileRow}/{TileCol}
World Imagery (Wayback 2020-09-02),WB_2020_R12,-2.003750722959434E7 -2.003750722959434E7,2.003750722959434E7 2.003750722959434E7,,"default028mm, GoogleMapsCompatible",https://wayback.maptiles.arcgis.com/arcgis/rest/services/World_Imagery/WMTS/1.0.0/{TileMatrixSet}/MapServer/tile/9181/{TileMatrix}/{TileRow}/{TileCol}
World Imagery (Wayback 2020-08-12),WB_2020_R11,-2.003750722959434E7 -2.003750722959434E7,2.003750722959434E7 2.003750722959434E7,,"default028mm, GoogleMapsCompatible",https://wayback.maptiles.arcgis.com/arcgis/rest/services/World_Imagery/WMTS/1.0.0/{TileMatrixSet}/MapServer/tile/6049/{TileMatrix}/{TileRow}/{TileCol}
World Imagery (Wayback 2020-07-22),WB_2020_R10,-2.003750722959434E7 -2.003750722959434E7,2.003750722959434E7 2.003750722959434E7,,"default028mm, GoogleMapsCompatible",https://wayback.maptiles.arcgis.com/arcgis/rest/services/World_Imagery/WMTS/1.0.0/{TileMatrixSet}/MapServer/tile/9549/{TileMatrix}/{TileRow}/{TileCol}
World Imagery (Wayback 2020-07-01),WB_2020_R09,-2.003750722959434E7 -2.003750722959434E7,2.003750722959434E7 2.003750722959434E7,,"default028mm, GoogleMapsCompatible",https://wayback.maptiles.arcgis.com/arcgis/rest/services/World_Imagery/WMTS/1.0.0/{TileMatrixSet}/MapServer/tile/18289/{TileMatrix}/{TileRow}/{TileCol}
World Imagery (Wayback 2020-06-10),WB_2020_R08,-2.003750722959434E7 -2.003750722959434E7,2.003750722959434E7 2.003750722959434E7,,"default028mm, GoogleMapsCompatible",https://wayback.maptiles.arcgis.com/arcgis/rest/services/World_Imagery/WMTS/1.0.0/{TileMatrixSet}/MapServer/tile/11135/{TileMatrix}/{TileRow}/{TileCol}
World Imagery (Wayback 2020-05-20),WB_2020_R07,-2.003750722959434E7 -2.003750722959434E7,2.003750722959434E7 2.003750722959434E7,,"default028mm, GoogleMapsCompatible",https://wayback.maptiles.arcgis.com/arcgis/rest/services/World_Imagery/WMTS/1.0.0/{TileMatrixSet}/MapServer/tile/32645/{TileMatrix}/{TileRow}/{TileCol}
World Imagery (Wayback 2020-04-29),WB_2020_R06,-2.003750722959434E7 -2.003750722959434E7,2.003750722959434E7 2.003750722959434E7,,"default028mm, GoogleMapsCompatible",https://wayback.maptiles.arcgis.com/arcgis/rest/services/World_Imagery/WMTS/1.0.0/{TileMatrixSet}/MapServer/tile/15045/{TileMatrix}/{TileRow}/{TileCol}
World Imagery (Wayback 2020-04-08),WB_2020_R05,-2.003750722959434E7 -2.003750722959434E7,2.003750722959434E7 2.003750722959434E7,,"default028mm, GoogleMapsCompatible",https://wayback.maptiles.arcgis.com/arcgis/rest/services/World_Imagery/WMTS/1.0.0/{TileMatrixSet}/MapServer/tile/26751/{TileMatrix}/{TileRow}/{TileCol}
World Imagery (Wayback 2020-03-23),WB_2020_R04,-2.003750722959434E7 -2.003750722959434E7,2.003750722959434E7 2.003750722959434E7,,"default028mm, GoogleMapsCompatible",https://wayback.maptiles.arcgis.com/arcgis/rest/services/World_Imagery/WMTS/1.0.0/{TileMatrixSet}/MapServer/tile/16062/{TileMatrix}/{TileRow}/{TileCol}
World Imagery (Wayback 2020-02-20),WB_2020_R03,-2.003750722959434E7 -2.003750722959434E7,2.003750722959434E7 2.003750722959434E7,,"default028mm, GoogleMapsCompatible",https://wayback.maptiles.arcgis.com/arcgis/rest/services/World_Imagery/WMTS/1.0.0/{TileMatrixSet}/MapServer/tile/8495/{TileMatrix}/{TileRow}/{TileCol}
World Imagery (Wayback 2020-01-30),WB_2020_R02,-2.003750722959434E7 -2.003750722959434E7,2.003750722959434E7 2.003750722959434E7,,"default028mm, GoogleMapsCompatible",https://wayback.maptiles.arcgis.com/arcgis/rest/services/World_Imagery/WMTS/1.0.0/{TileMatrixSet}/MapServer/tile/21485/{TileMatrix}/{TileRow}/{TileCol}
World Imagery (Wayback 2020-01-08),WB_2020_R01,-2.003750722959434E7 -2.003750722959434E7,2.003750722959434E7 2.003750722959434E7,,"default028mm, GoogleMapsCompatible",https://wayback.maptiles.arcgis.com/arcgis/rest/services/World_Imagery/WMTS/1.0.0/{TileMatrixSet}/MapServer/tile/23001/{TileMatrix}/{TileRow}/{TileCol}
World Imagery (Wayback 2019-12-12),WB_2019_R16,-2.003750722959434E7 -2.003750722959434E7,2.003750722959434E7 2.003750722959434E7,,"default028mm, GoogleMapsCompatible",https://wayback.maptiles.arcgis.com/arcgis/rest/services/World_Imagery/WMTS/1.0.0/{TileMatrixSet}/MapServer/tile/4756/{TileMatrix}/{TileRow}/{TileCol}
World Imagery (Wayback 2019-10-30),WB_2019_R14,-2.003750722959434E7 -2.003750722959434E7,2.003750722959434E7 2.003750722959434E7,,"default028mm, GoogleMapsCompatible",https://wayback.maptiles.arcgis.com/arcgis/rest/services/World_Imagery/WMTS/1.0.0/{TileMatrixSet}/MapServer/tile/11060/{TileMatrix}/{TileRow}/{TileCol}
World Imagery (Wayback 2019-10-09),WB_2019_R13,-2.003750722959434E7 -2.003750722959434E7,2.003750722959434E7 2.003750722959434E7,,"default028mm, GoogleMapsCompatible",https://wayback.maptiles.arcgis.com/arcgis/rest/services/World_Imagery/WMTS/1.0.0/{TileMatrixSet}/MapServer/tile/11351/{TileMatrix}/{TileRow}/{TileCol}
World Imagery (Wayback 2019-09-18),WB_2019_R12,-2.003750722959434E7 -2.003750722959434E7,2.003750722959434E7 2.003750722959434E7,,"default028mm, GoogleMapsCompatible",https://wayback.maptiles.arcgis.com/arcgis/rest/services/World_Imagery/WMTS/1.0.0/{TileMatrixSet}/MapServer/tile/9892/{TileMatrix}/{TileRow}/{TileCol}
World Imagery (Wayback 2019-08-28),WB_2019_R11,-2.003750722959434E7 -2.003750722959434E7,2.003750722959434E7 2.003750722959434E7,,"default028mm, GoogleMapsCompatible",https://wayback.maptiles.arcgis.com/arcgis/rest/services/World_Imagery/WMTS/1.0.0/{TileMatrixSet}/MapServer/tile/30442/{TileMatrix}/{TileRow}/{TileCol}
World Imagery (Wayback 2019-08-07),WB_2019_R10,-2.003750722959434E7 -2.003750722959434E7,2.003750722959434E7 2.003750722959434E7,,"default028mm, GoogleMapsCompatible",https://wayback.maptiles.arcgis.com/arcgis/rest/services/World_Imagery/WMTS/1.0.0/{TileMatrixSet}/MapServer/tile/17216/{TileMatrix}/{TileRow}/{TileCol}
World Imagery (Wayback 2019-07-17),WB_2019_R09,-2.003750722959434E7 -2.003750722959434E7,2.003750722959434E7 2.003750722959434E7,,"default028mm, GoogleMapsCompatible",https://wayback.maptiles.arcgis.com/arcgis/rest/services/World_Imagery/WMTS/1.0.0/{TileMatrixSet}/MapServer/tile/16681/{TileMatrix}/{TileRow}/{TileCol}
World Imagery (Wayback 2019-06-26),WB_2019_R08,-2.003750722959434E7 -2.003750722959434E7,2.003750722959434E7 2.003750722959434E7,,"default028mm, GoogleMapsCompatible",https://wayback.maptiles.arcgis.com/arcgis/rest/services/World_Imagery/WMTS/1.0.0/{TileMatrixSet}/MapServer/tile/645/{TileMatrix}/{TileRow}/{TileCol}
World Imagery (Wayback 2019-06-05),WB_2019_R07,-2.003750722959434E7 -2.003750722959434E7,2.003750722959434E7 2.003750722959434E7,,"default028mm, GoogleMapsCompatible",https://wayback.maptiles.arcgis.com/arcgis/rest/services/World_Imagery/WMTS/1.0.0/{TileMatrixSet}/MapServer/tile/12576/{TileMatrix}/{TileRow}/{TileCol}
World Imagery (Wayback 2019-05-15),WB_2019_R06,-2.003750722959434E7 -2.003750722959434E7,2.003750722959434E7 2.003750722959434E7,,"default028mm, GoogleMapsCompatible",https://wayback.maptiles.arcgis.com/arcgis/rest/services/World_Imagery/WMTS/1.0.0/{TileMatrixSet}/MapServer/tile/9598/{TileMatrix}/{TileRow}/{TileCol}
World Imagery (Wayback 2019-04-24),WB_2019_R05,-2.003750722959434E7 -2.003750722959434E7,2.003750722959434E7 2.003750722959434E7,,"default028mm, GoogleMapsCompatible",https://wayback.maptiles.arcgis.com/arcgis/rest/services/World_Imagery/WMTS/1.0.0/{TileMatrixSet}/MapServer/tile/18063/{TileMatrix}/{TileRow}/{TileCol}
World Imagery (Wayback 2019-04-03),WB_2019_R04,-2.003750722959434E7 -2.003750722959434E7,2.003750722959434E7 2.003750722959434E7,,"default028mm, GoogleMapsCompatible",https://wayback.maptiles.arcgis.com/arcgis/rest/services/World_Imagery/WMTS/1.0.0/{TileMatrixSet}/MapServer/tile/18691/{TileMatrix}/{TileRow}/{TileCol}
World Imagery (Wayback 2019-03-13),WB_2019_R03,-2.003750722959434E7 -2.003750722959434E7,2.003750722959434E7 2.003750722959434E7,,"default028mm, GoogleMapsCompatible",https://wayback.maptiles.arcgis.com/arcgis/rest/services/World_Imagery/WMTS/1.0.0/{TileMatrixSet}/MapServer/tile/4383/{TileMatrix}/{TileRow}/{TileCol}
World Imagery (Wayback 2019-02-21),WB_2019_R02,-2.003750722959434E7 -2.003750722959434E7,2.003750722959434E7 2.003750722959434E7,,"default028mm, GoogleMapsCompatible",https://wayback.maptiles.arcgis.com/arcgis/rest/services/World_Imagery/WMTS/1.0.0/{TileMatrixSet}/MapServer/tile/17677/{TileMatrix}/{TileRow}/{TileCol}
World Imagery (Wayback 2019-01-31),WB_2019_R01,-2.003750722959434E7 -2.003750722959434E7,2.003750722959434E7 2.003750722959434E7,,"default028mm, GoogleMapsCompatible",https://wayback.maptiles.arcgis.com/arcgis/rest/services/World_Imagery/WMTS/1.0.0/{TileMatrixSet}/MapServer/tile/25944/{TileMatrix}/{TileRow}/{TileCol}
World Imagery (Wayback 2019-01-09),WB_2019_R00,-2.003750722959434E7 -2.003750722959434E7,2.003750722959434E7 2.003750722959434E7,,"default028mm, GoogleMapsCompatible",https://wayback.maptiles.arcgis.com/arcgis/rest/services/World_Imagery/WMTS/1.0.0/{TileMatrixSet}/MapServer/tile/6036/{TileMatrix}/{TileRow}/{TileCol}
World Imagery (Wayback 2018-12-14),WB_2018_R17,-2.003750722959434E7 -2.003750722959434E7,2.003750722959434E7 2.003750722959434E7,,"default028mm, GoogleMapsCompatible",https://wayback.maptiles.arcgis.com/arcgis/rest/services/World_Imagery/WMTS/1.0.0/{TileMatrixSet}/MapServer/tile/23448/{TileMatrix}/{TileRow}/{TileCol}
World Imagery (Wayback 2018-11-29),WB_2018_R16,-2.003750722959434E7 -2.003750722959434E7,2.003750722959434E7 2.003750722959434E7,,"default028mm, GoogleMapsCompatible",https://wayback.maptiles.arcgis.com/arcgis/rest/services/World_Imagery/WMTS/1.0.0/{TileMatrixSet}/MapServer/tile/239/{TileMatrix}/{TileRow}/{TileCol}
World Imagery (Wayback 2018-11-07),WB_2018_R15,-2.003750722959434E7 -2.003750722959434E7,2.003750722959434E7 2.003750722959434E7,,"default028mm, GoogleMapsCompatible",https://wayback.maptiles.arcgis.com/arcgis/rest/services/World_Imagery/WMTS/1.0.0/{TileMatrixSet}/MapServer/tile/3201/{TileMatrix}/{TileRow}/{TileCol}
World Imagery (Wayback 2018-10-17),WB_2018_R14,-2.003750722959434E7 -2.003750722959434E7,2.003750722959434E7 2.003750722959434E7,,"default028mm, GoogleMapsCompatible",https://wayback.maptiles.arcgis.com/arcgis/rest/services/World_Imagery/WMTS/1.0.0/{TileMatrixSet}/MapServer/tile/18820/{TileMatrix}/{TileRow}/{TileCol}
World Imagery (Wayback 2018-09-26),WB_2018_R13,-2.003750722959434E7 -2.003750722959434E7,2.003750722959434E7 2.003750722959434E7,,"default028mm, GoogleMapsCompatible",https://wayback.maptiles.arcgis.com/arcgis/rest/services/World_Imagery/WMTS/1.0.0/{TileMatrixSet}/MapServer/tile/14426/{TileMatrix}/{TileRow}/{TileCol}
World Imagery (Wayback 2018-09-06),WB_2018_R12,-2.003750722959434E7 -2.003750722959434E7,2.003750722959434E7 2.003750722959434E7,,"default028mm, GoogleMapsCompatible",https://wayback.maptiles.arcgis.com/arcgis/rest/services/World_Imagery/WMTS/1.0.0/{TileMatrixSet}/MapServer/tile/2168/{TileMatrix}/{TileRow}/{TileCol}
World Imagery (Wayback 2018-08-15),WB_2018_R11,-2.003750722959434E7 -2.003750722959434E7,2.003750722959434E7 2.003750722959434E7,,"default028mm, GoogleMapsCompatible",https://wayback.maptiles.arcgis.com/arcgis/rest/services/World_Imagery/WMTS/1.0.0/{TileMatrixSet}/MapServer/tile/1858/{TileMatrix}/{TileRow}/{TileCol}
World Imagery (Wayback 2018-07-25),WB_2018_R10,-2.003750722959434E7 -2.003750722959434E7,2.003750722959434E7 2.003750722959434E7,,"default028mm, GoogleMapsCompatible",https://wayback.maptiles.arcgis.com/arcgis/rest/services/World_Imagery/WMTS/1.0.0/{TileMatrixSet}/MapServer/tile/14829/{TileMatrix}/{TileRow}/{TileCol}
World Imagery (Wayback 2018-06-27),WB_2018_R09,-2.003750722959434E7 -2.003750722959434E7,2.003750722959434E7 2.003750722959434E7,,"default028mm, GoogleMapsCompatible",https://wayback.maptiles.arcgis.com/arcgis/rest/services/World_Imagery/WMTS/1.0.0/{TileMatrixSet}/MapServer/tile/11334/{TileMatrix}/{TileRow}/{TileCol}
World Imagery (Wayback 2018-06-06),WB_2018_R08,-2.003750722959434E7 -2.003750722959434E7,2.003750722959434E7 2.003750722959434E7,,"default028mm, GoogleMapsCompatible",https://wayback.maptiles.arcgis.com/arcgis/rest/services/World_Imagery/WMTS/1.0.0/{TileMatrixSet}/MapServer/tile/8249/{TileMatrix}/{TileRow}/{TileCol}
World Imagery (Wayback 2018-05-16),WB_2018_R07,-2.003750722959434E7 -2.003750722959434E7,2.003750722959434E7 2.003750722959434E7,,"default028mm, GoogleMapsCompatible",https://wayback.maptiles.arcgis.com/arcgis/rest/services/World_Imagery/WMTS/1.0.0/{TileMatrixSet}/MapServer/tile/32337/{TileMatrix}/{TileRow}/{TileCol}
World Imagery (Wayback 2018-04-25),WB_2018_R06,-2.003750722959434E7 -2.003750722959434E7,2.003750722959434E7 2.003750722959434E7,,"default028mm, GoogleMapsCompatible",https://wayback.maptiles.arcgis.com/arcgis/rest/services/World_Imagery/WMTS/1.0.0/{TileMatrixSet}/MapServer/tile/1296/{TileMatrix}/{TileRow}/{TileCol}
World Imagery (Wayback 2018-04-11),WB_2018_R05,-2.003750722959434E7 -2.003750722959434E7,2.003750722959434E7 2.003750722959434E7,,"default028mm, GoogleMapsCompatible",https://wayback.maptiles.arcgis.com/arcgis/rest/services/World_Imagery/WMTS/1.0.0/{TileMatrixSet}/MapServer/tile/20399/{TileMatrix}/{TileRow}/{TileCol}
World Imagery (Wayback 2018-03-28),WB_2018_R04,-2.003750722959434E7 -2.003750722959434E7,2.003750722959434E7 2.003750722959434E7,,"default028mm, GoogleMapsCompatible",https://wayback.maptiles.arcgis.com/arcgis/rest/services/World_Imagery/WMTS/1.0.0/{TileMatrixSet}/MapServer/tile/7072/{TileMatrix}/{TileRow}/{TileCol}
World Imagery (Wayback 2018-03-14),WB_2018_R03,-2.003750722959434E7 -2.003750722959434E7,2.003750722959434E7 2.003750722959434E7,,"default028mm, GoogleMapsCompatible",https://wayback.maptiles.arcgis.com/arcgis/rest/services/World_Imagery/WMTS/1.0.0/{TileMatrixSet}/MapServer/tile/8255/{TileMatrix}/{TileRow}/{TileCol}
World Imagery (Wayback 2018-02-23),WB_2018_R02,-2.003750722959434E7 -2.003750722959434E7,2.003750722959434E7 2.003750722959434E7,,"default028mm, GoogleMapsCompatible",https://wayback.maptiles.arcgis.com/arcgis/rest/services/World_Imagery/WMTS/1.0.0/{TileMatrixSet}/MapServer/tile/13067/{TileMatrix}/{TileRow}/{TileCol}
World Imagery (Wayback 2018-01-31),WB_2018_R01,-2.003750722959434E7 -2.003750722959434E7,2.003750722959434E7 2.003750722959434E7,,"default028mm, GoogleMapsCompatible",https://wayback.maptiles.arcgis.com/arcgis/rest/services/World_Imagery/WMTS/1.0.0/{TileMatrixSet}/MapServer/tile/10768/{TileMatrix}/{TileRow}/{TileCol}
World Imagery (Wayback 2018-01-18),WB_2018_R00,-2.003750722959434E7 -2.003750722959434E7,2.003750722959434E7 2.003750722959434E7,,"default028mm, GoogleMapsCompatible",https://wayback.maptiles.arcgis.com/arcgis/rest/services/World_Imagery/WMTS/1.0.0/{TileMatrixSet}/MapServer/tile/13045/{TileMatrix}/{TileRow}/{TileCol}
World Imagery (Wayback 2018-01-08),WB_2017_R21,-2.003750722959434E7 -2.003750722959434E7,2.003750722959434E7 2.003750722959434E7,,"default028mm, GoogleMapsCompatible",https://wayback.maptiles.arcgis.com/arcgis/rest/services/World_Imagery/WMTS/1.0.0/{TileMatrixSet}/MapServer/tile/13161/{TileMatrix}/{TileRow}/{TileCol}
World Imagery (Wayback 2017-11-16),WB_2017_R19,-2.003750722959434E7 -2.003750722959434E7,2.003750722959434E7 2.003750722959434E7,,"default028mm, GoogleMapsCompatible",https://wayback.maptiles.arcgis.com/arcgis/rest/services/World_Imagery/WMTS/1.0.0/{TileMatrixSet}/MapServer/tile/25521/{TileMatrix}/{TileRow}/{TileCol}
World Imagery (Wayback 2017-10-25),WB_2017_R18,-2.003750722959434E7 -2.003750722959434E7,2.003750722959434E7 2.003750722959434E7,,"default028mm, GoogleMapsCompatible",https://wayback.maptiles.arcgis.com/arcgis/rest/services/World_Imagery/WMTS/1.0.0/{TileMatrixSet}/MapServer/tile/23264/{TileMatrix}/{TileRow}/{TileCol}
World Imagery (Wayback 2017-10-04),WB_2017_R17,-2.003750722959434E7 -2.003750722959434E7,2.003750722959434E7 2.003750722959434E7,,"default028mm, GoogleMapsCompatible",https://wayback.maptiles.arcgis.com/arcgis/rest/services/World_Imagery/WMTS/1.0.0/{TileMatrixSet}/MapServer/tile/15212/{TileMatrix}/{TileRow}/{TileCol}
World Imagery (Wayback 2017-09-13),WB_2017_R16,-2.003750722959434E7 -2.003750722959434E7,2.003750722959434E7 2.003750722959434E7,,"default028mm, GoogleMapsCompatible",https://wayback.maptiles.arcgis.com/arcgis/rest/services/World_Imagery/WMTS/1.0.0/{TileMatrixSet}/MapServer/tile/18358/{TileMatrix}/{TileRow}/{TileCol}
World Imagery (Wayback 2017-08-30),WB_2017_R15,-2.003750722959434E7 -2.003750722959434E7,2.003750722959434E7 2.003750722959434E7,,"default028mm, GoogleMapsCompatible",https://wayback.maptiles.arcgis.com/arcgis/rest/services/World_Imagery/WMTS/1.0.0/{TileMatrixSet}/MapServer/tile/25379/{TileMatrix}/{TileRow}/{TileCol}
World Imagery (Wayback 2017-08-10),WB_2017_R14,-2.003750722959434E7 -2.003750722959434E7,2.003750722959434E7 2.003750722959434E7,,"default028mm, GoogleMapsCompatible",https://wayback.maptiles.arcgis.com/arcgis/rest/services/World_Imagery/WMTS/1.0.0/{TileMatrixSet}/MapServer/tile/14035/{TileMatrix}/{TileRow}/{TileCol}
World Imagery (Wayback 2017-07-14),WB_2017_R13,-2.003750722959434E7 -2.003750722959434E7,2.003750722959434E7 2.003750722959434E7,,"default028mm, GoogleMapsCompatible",https://wayback.maptiles.arcgis.com/arcgis/rest/services/World_Imagery/WMTS/1.0.0/{TileMatrixSet}/MapServer/tile/3319/{TileMatrix}/{TileRow}/{TileCol}
World Imagery (Wayback 2017-06-27),WB_2017_R12,-2.003750722959434E7 -2.003750722959434E7,2.003750722959434E7 2.003750722959434E7,,"default028mm, GoogleMapsCompatible",https://wayback.maptiles.arcgis.com/arcgis/rest/services/World_Imagery/WMTS/1.0.0/{TileMatrixSet}/MapServer/tile/4073/{TileMatrix}/{TileRow}/{TileCol}
World Imagery (Wayback 2017-06-14),WB_2017_R11,-2.003750722959434E7 -2.003750722959434E7,2.003750722959434E7 2.003750722959434E7,,"default028mm, GoogleMapsCompatible",https://wayback.maptiles.arcgis.com/arcgis/rest/services/World_Imagery/WMTS/1.0.0/{TileMatrixSet}/MapServer/tile/14765/{TileMatrix}/{TileRow}/{TileCol}
World Imagery (Wayback 2017-05-31),WB_2017_R10,-2.003750722959434E7 -2.003750722959434E7,2.003750722959434E7 2.003750722959434E7,,"default028mm, GoogleMapsCompatible",https://wayback.maptiles.arcgis.com/arcgis/rest/services/World_Imagery/WMTS/1.0.0/{TileMatrixSet}/MapServer/tile/14342/{TileMatrix}/{TileRow}/{TileCol}
World Imagery (Wayback 2017-05-17),WB_2017_R09,-2.003750722959434E7 -2.003750722959434E7,2.003750722959434E7 2.003750722959434E7,,"default028mm, GoogleMapsCompatible",https://wayback.maptiles.arcgis.com/arcgis/rest/services/World_Imagery/WMTS/1.0.0/{TileMatrixSet}/MapServer/tile/20365/{TileMatrix}/{TileRow}/{TileCol}
World Imagery (Wayback 2017-05-03),WB_2017_R08,-2.003750722959434E7 -2.003750722959434E7,2.003750722959434E7 2.003750722959434E7,,"default028mm, GoogleMapsCompatible",https://wayback.maptiles.arcgis.com/arcgis/rest/services/World_Imagery/WMTS/1.0.0/{TileMatrixSet}/MapServer/tile/784/{TileMatrix}/{TileRow}/{TileCol}
World Imagery (Wayback 2017-04-19),WB_2017_R07,-2.003750722959434E7 -2.003750722959434E7,2.003750722959434E7 2.003750722959434E7,,"default028mm, GoogleMapsCompatible",https://wayback.maptiles.arcgis.com/arcgis/rest/services/World_Imagery/WMTS/1.0.0/{TileMatrixSet}/MapServer/tile/1052/{TileMatrix}/{TileRow}/{TileCol}
World Imagery (Wayback 2017-03-29),WB_2017_R06,-2.003750722959434E7 -2.003750722959434E7,2.003750722959434E7 2.003750722959434E7,,"default028mm, GoogleMapsCompatible",https://wayback.maptiles.arcgis.com/arcgis/rest/services/World_Imagery/WMTS/1.0.0/{TileMatrixSet}/MapServer/tile/5205/{TileMatrix}/{TileRow}/{TileCol}
World Imagery (Wayback 2017-03-15),WB_2017_R05,-2.003750722959434E7 -2.003750722959434E7,2.003750722959434E7 2.003750722959434E7,,"default028mm, GoogleMapsCompatible",https://wayback.maptiles.arcgis.com/arcgis/rest/services/World_Imagery/WMTS/1.0.0/{TileMatrixSet}/MapServer/tile/29387/{TileMatrix}/{TileRow}/{TileCol}
World Imagery (Wayback 2017-02-27),WB_2017_R04,-2.003750722959434E7 -2.003750722959434E7,2.003750722959434E7 2.003750722959434E7,,"default028mm, GoogleMapsCompatible",https://wayback.maptiles.arcgis.com/arcgis/rest/services/World_Imagery/WMTS/1.0.0/{TileMatrixSet}/MapServer/tile/31026/{TileMatrix}/{TileRow}/{TileCol}
World Imagery (Wayback 2017-02-08),WB_2017_R03,-2.003750722959434E7 -2.003750722959434E7,2.003750722959434E7 2.003750722959434E7,,"default028mm, GoogleMapsCompatible",https://wayback.maptiles.arcgis.com/arcgis/rest/services/World_Imagery/WMTS/1.0.0/{TileMatrixSet}/MapServer/tile/27946/{TileMatrix}/{TileRow}/{TileCol}
World Imagery (Wayback 2017-01-25),WB_2017_R02,-2.003750722959434E7 -2.003750722959434E7,2.003750722959434E7 2.003750722959434E7,,"default028mm, GoogleMapsCompatible",https://wayback.maptiles.arcgis.com/arcgis/rest/services/World_Imagery/WMTS/1.0.0/{TileMatrixSet}/MapServer/tile/9486/{TileMatrix}/{TileRow}/{TileCol}
World Imagery (Wayback 2017-01-11),WB_2017_R01,-2.003750722959434E7 -2.003750722959434E7,2.003750722959434E7 2.003750722959434E7,,"default028mm, GoogleMapsCompatible",https://wayback.maptiles.arcgis.com/arcgis/rest/services/World_Imagery/WMTS/1.0.0/{TileMatrixSet}/MapServer/tile/577/{TileMatrix}/{TileRow}/{TileCol}
World Imagery (Wayback 2016-12-20),WB_2016_R22,-2.003750722959434E7 -2.003750722959434E7,2.003750722959434E7 2.003750722959434E7,,"default028mm, GoogleMapsCompatible",https://wayback.maptiles.arcgis.com/arcgis/rest/services/World_Imagery/WMTS/1.0.0/{TileMatrixSet}/MapServer/tile/18966/{TileMatrix}/{TileRow}/{TileCol}
World Imagery (Wayback 2016-12-07),WB_2016_R21,-2.003750722959434E7 -2.003750722959434E7,2.003750722959434E7 2.003750722959434E7,,"default028mm, GoogleMapsCompatible",https://wayback.maptiles.arcgis.com/arcgis/rest/services/World_Imagery/WMTS/1.0.0/{TileMatrixSet}/MapServer/tile/6678/{TileMatrix}/{TileRow}/{TileCol}
World Imagery (Wayback 2016-11-16),WB_2016_R20,-2.003750722959434E7 -2.003750722959434E7,2.003750722959434E7 2.003750722959434E7,,"default028mm, GoogleMapsCompatible",https://wayback.maptiles.arcgis.com/arcgis/rest/services/World_Imagery/WMTS/1.0.0/{TileMatrixSet}/MapServer/tile/21750/{TileMatrix}/{TileRow}/{TileCol}
World Imagery (Wayback 2016-10-25),WB_2016_R19,-2.003750722959434E7 -2.003750722959434E7,2.003750722959434E7 2.003750722959434E7,,"default028mm, GoogleMapsCompatible",https://wayback.maptiles.arcgis.com/arcgis/rest/services/World_Imagery/WMTS/1.0.0/{TileMatrixSet}/MapServer/tile/4222/{TileMatrix}/{TileRow}/{TileCol}
World Imagery (Wayback 2016-10-12),WB_2016_R18,-2.003750722959434E7 -2.003750722959434E7,2.003750722959434E7 2.003750722959434E7,,"default028mm, GoogleMapsCompatible",https://wayback.maptiles.arcgis.com/arcgis/rest/services/World_Imagery/WMTS/1.0.0/{TileMatrixSet}/MapServer/tile/13770/{TileMatrix}/{TileRow}/{TileCol}
World Imagery (Wayback 2016-09-14),WB_2016_R16,-2.003750722959434E7 -2.003750722959434E7,2.003750722959434E7 2.003750722959434E7,,"default028mm, GoogleMapsCompatible",https://wayback.maptiles.arcgis.com/arcgis/rest/services/World_Imagery/WMTS/1.0.0/{TileMatrixSet}/MapServer/tile/6984/{TileMatrix}/{TileRow}/{TileCol}
World Imagery (Wayback 2016-08-31),WB_2016_R15,-2.003750722959434E7 -2.003750722959434E7,2.003750722959434E7 2.003750722959434E7,,"default028mm, GoogleMapsCompatible",https://wayback.maptiles.arcgis.com/arcgis/rest/services/World_Imagery/WMTS/1.0.0/{TileMatrixSet}/MapServer/tile/9175/{TileMatrix}/{TileRow}/{TileCol}
World Imagery (Wayback 2016-08-11),WB_2016_R14,-2.003750722959434E7 -2.003750722959434E7,2.003750722959434E7 2.003750722959434E7,,"default028mm, GoogleMapsCompatible",https://wayback.maptiles.arcgis.com/arcgis/rest/services/World_Imagery/WMTS/1.0.0/{TileMatrixSet}/MapServer/tile/23601/{TileMatrix}/{TileRow}/{TileCol}
World Imagery (Wayback 2016-07-20),WB_2016_R13,-2.003750722959434E7 -2.003750722959434E7,2.003750722959434E7 2.003750722959434E7,,"default028mm, GoogleMapsCompatible",https://wayback.maptiles.arcgis.com/arcgis/rest/services/World_Imagery/WMTS/1.0.0/{TileMatrixSet}/MapServer/tile/5097/{TileMatrix}/{TileRow}/{TileCol}
World Imagery (Wayback 2016-07-06),WB_2016_R12,-2.003750722959434E7 -2.003750722959434E7,2.003750722959434E7 2.003750722959434E7,,"default028mm, GoogleMapsCompatible",https://wayback.maptiles.arcgis.com/arcgis/rest/services/World_Imagery/WMTS/1.0.0/{TileMatrixSet}/MapServer/tile/13240/{TileMatrix}/{TileRow}/{TileCol}
World Imagery (Wayback 2016-06-13),WB_2016_R11,-2.003750722959434E7 -2.003750722959434E7,2.003750722959434E7 2.003750722959434E7,,"default028mm, GoogleMapsCompatible",https://wayback.maptiles.arcgis.com/arcgis/rest/services/World_Imagery/WMTS/1.0.0/{TileMatrixSet}/MapServer/tile/11509/{TileMatrix}/{TileRow}/{TileCol}
World Imagery (Wayback 2016-05-11),WB_2016_R10,-2.003750722959434E7 -2.003750722959434E7,2.003750722959434E7 2.003750722959434E7,,"default028mm, GoogleMapsCompatible",https://wayback.maptiles.arcgis.com/arcgis/rest/services/World_Imagery/WMTS/1.0.0/{TileMatrixSet}/MapServer/tile/8551/{TileMatrix}/{TileRow}/{TileCol}
World Imagery (Wayback 2016-04-28),WB_2016_R09,-2.003750722959434E7 -2.003750722959434E7,2.003750722959434E7 2.003750722959434E7,,"default028mm, GoogleMapsCompatible",https://wayback.maptiles.arcgis.com/arcgis/rest/services/World_Imagery/WMTS/1.0.0/{TileMatrixSet}/MapServer/tile/5769/{TileMatrix}/{TileRow}/{TileCol}
World Imagery (Wayback 2016-04-20),WB_2016_R08,-2.003750722959434E7 -2.003750722959434E7,2.003750722959434E7 2.003750722959434E7,,"default028mm, GoogleMapsCompatible",https://wayback.maptiles.arcgis.com/arcgis/rest/services/World_Imagery/WMTS/1.0.0/{TileMatrixSet}/MapServer/tile/388/{TileMatrix}/{TileRow}/{TileCol}
World Imagery (Wayback 2016-03-16),WB_2016_R06,-2.003750722959434E7 -2.003750722959434E7,2.003750722959434E7 2.003750722959434E7,,"default028mm, GoogleMapsCompatible",https://wayback.maptiles.arcgis.com/arcgis/rest/services/World_Imagery/WMTS/1.0.0/{TileMatrixSet}/MapServer/tile/19085/{TileMatrix}/{TileRow}/{TileCol}
World Imagery (Wayback 2016-03-02),WB_2016_R05,-2.003750722959434E7 -2.003750722959434E7,2.003750722959434E7 2.003750722959434E7,,"default028mm, GoogleMapsCompatible",https://wayback.maptiles.arcgis.com/arcgis/rest/services/World_Imagery/WMTS/1.0.0/{TileMatrixSet}/MapServer/tile/20443/{TileMatrix}/{TileRow}/{TileCol}
World Imagery (Wayback 2016-02-17),WB_2016_R04,-2.003750722959434E7 -2.003750722959434E7,2.003750722959434E7 2.003750722959434E7,,"default028mm, GoogleMapsCompatible",https://wayback.maptiles.arcgis.com/arcgis/rest/services/World_Imagery/WMTS/1.0.0/{TileMatrixSet}/MapServer/tile/11262/{TileMatrix}/{TileRow}/{TileCol}
World Imagery (Wayback 2016-02-04),WB_2016_R03,-2.003750722959434E7 -2.003750722959434E7,2.003750722959434E7 2.003750722959434E7,,"default028mm, GoogleMapsCompatible",https://wayback.maptiles.arcgis.com/arcgis/rest/services/World_Imagery/WMTS/1.0.0/{TileMatrixSet}/MapServer/tile/6354/{TileMatrix}/{TileRow}/{TileCol}
World Imagery (Wayback 2016-01-13),WB_2016_R02,-2.003750722959434E7 -2.003750722959434E7,2.003750722959434E7 2.003750722959434E7,,"default028mm, GoogleMapsCompatible",https://wayback.maptiles.arcgis.com/arcgis/rest/services/World_Imagery/WMTS/1.0.0/{TileMatrixSet}/MapServer/tile/3515/{TileMatrix}/{TileRow}/{TileCol}
World Imagery (Wayback 2015-12-16),WB_2015_R23,-2.003750722959434E7 -2.003750722959434E7,2.003750722959434E7 2.003750722959434E7,,"default028mm, GoogleMapsCompatible",https://wayback.maptiles.arcgis.com/arcgis/rest/services/World_Imagery/WMTS/1.0.0/{TileMatrixSet}/MapServer/tile/28163/{TileMatrix}/{TileRow}/{TileCol}
World Imagery (Wayback 2015-11-18),WB_2015_R20,-2.003750722959434E7 -2.003750722959434E7,2.003750722959434E7 2.003750722959434E7,,"default028mm, GoogleMapsCompatible",https://wayback.maptiles.arcgis.com/arcgis/rest/services/World_Imagery/WMTS/1.0.0/{TileMatrixSet}/MapServer/tile/8781/{TileMatrix}/{TileRow}/{TileCol}
World Imagery (Wayback 2015-10-28),WB_2015_R18,-2.003750722959434E7 -2.003750722959434E7,2.003750722959434E7 2.003750722959434E7,,"default028mm, GoogleMapsCompatible",https://wayback.maptiles.arcgis.com/arcgis/rest/services/World_Imagery/WMTS/1.0.0/{TileMatrixSet}/MapServer/tile/11092/{TileMatrix}/{TileRow}/{TileCol}
World Imagery (Wayback 2015-10-14),WB_2015_R17,-2.003750722959434E7 -2.003750722959434E7,2.003750722959434E7 2.003750722959434E7,,"default028mm, GoogleMapsCompatible",https://wayback.maptiles.arcgis.com/arcgis/rest/services/World_Imagery/WMTS/1.0.0/{TileMatrixSet}/MapServer/tile/10850/{TileMatrix}/{TileRow}/{TileCol}
World Imagery (Wayback 2015-09-30),WB_2015_R16,-2.003750722959434E7 -2.003750722959434E7,2.003750722959434E7 2.003750722959434E7,,"default028mm, GoogleMapsCompatible",https://wayback.maptiles.arcgis.com/arcgis/rest/services/World_Imagery/WMTS/1.0.0/{TileMatrixSet}/MapServer/tile/3630/{TileMatrix}/{TileRow}/{TileCol}
World Imagery (Wayback 2015-09-16),WB_2015_R15,-2.003750722959434E7 -2.003750722959434E7,2.003750722959434E7 2.003750722959434E7,,"default028mm, GoogleMapsCompatible",https://wayback.maptiles.arcgis.com/arcgis/rest/services/World_Imagery/WMTS/1.0.0/{TileMatrixSet}/MapServer/tile/1431/{TileMatrix}/{TileRow}/{TileCol}
World Imagery (Wayback 2015-09-02),WB_2015_R14,-2.003750722959434E7 -2.003750722959434E7,2.003750722959434E7 2.003750722959434E7,,"default028mm, GoogleMapsCompatible",https://wayback.maptiles.arcgis.com/arcgis/rest/services/World_Imagery/WMTS/1.0.0/{TileMatrixSet}/MapServer/tile/30584/{TileMatrix}/{TileRow}/{TileCol}
World Imagery (Wayback 2015-08-19),WB_2015_R13,-2.003750722959434E7 -2.003750722959434E7,2.003750722959434E7 2.003750722959434E7,,"default028mm, GoogleMapsCompatible",https://wayback.maptiles.arcgis.com/arcgis/rest/services/World_Imagery/WMTS/1.0.0/{TileMatrixSet}/MapServer/tile/28219/{TileMatrix}/{TileRow}/{TileCol}
World Imagery (Wayback 2015-07-08),WB_2015_R11,-2.003750722959434E7 -2.003750722959434E7,2.003750722959434E7 2.003750722959434E7,,"default028mm, GoogleMapsCompatible",https://wayback.maptiles.arcgis.com/arcgis/rest/services/World_Imagery/WMTS/1.0.0/{TileMatrixSet}/MapServer/tile/24007/{TileMatrix}/{TileRow}/{TileCol}
World Imagery (Wayback 2015-06-24),WB_2015_R10,-2.003750722959434E7 -2.003750722959434E7,2.003750722959434E7 2.003750722959434E7,,"default028mm, GoogleMapsCompatible",https://wayback.maptiles.arcgis.com/arcgis/rest/services/World_Imagery/WMTS/1.0.0/{TileMatrixSet}/MapServer/tile/11952/{TileMatrix}/{TileRow}/{TileCol}
World Imagery (Wayback 2015-05-13),WB_2015_R08,-2.003750722959434E7 -2.003750722959434E7,2.003750722959434E7 2.003750722959434E7,,"default028mm, GoogleMapsCompatible",https://wayback.maptiles.arcgis.com/arcgis/rest/services/World_Imagery/WMTS/1.0.0/{TileMatrixSet}/MapServer/tile/19930/{TileMatrix}/{TileRow}/{TileCol}
World Imagery (Wayback 2015-04-30),WB_2015_R07,-2.003750722959434E7 -2.003750722959434E7,2.003750722959434E7 2.003750722959434E7,,"default028mm, GoogleMapsCompatible",https://wayback.maptiles.arcgis.com/arcgis/rest/services/World_Imagery/WMTS/1.0.0/{TileMatrixSet}/MapServer/tile/23880/{TileMatrix}/{TileRow}/{TileCol}
World Imagery (Wayback 2015-04-15),WB_2015_R06,-2.003750722959434E7 -2.003750722959434E7,2.003750722959434E7 2.003750722959434E7,,"default028mm, GoogleMapsCompatible",https://wayback.maptiles.arcgis.com/arcgis/rest/services/World_Imagery/WMTS/1.0.0/{TileMatrixSet}/MapServer/tile/9203/{TileMatrix}/{TileRow}/{TileCol}
World Imagery (Wayback 2015-03-25),WB_2015_R05,-2.003750722959434E7 -2.003750722959434E7,2.003750722959434E7 2.003750722959434E7,,"default028mm, GoogleMapsCompatible",https://wayback.maptiles.arcgis.com/arcgis/rest/services/World_Imagery/WMTS/1.0.0/{TileMatrixSet}/MapServer/tile/2730/{TileMatrix}/{TileRow}/{TileCol}
World Imagery (Wayback 2015-03-18),WB_2015_R04,-2.003750722959434E7 -2.003750722959434E7,2.003750722959434E7 2.003750722959434E7,,"default028mm, GoogleMapsCompatible",https://wayback.maptiles.arcgis.com/arcgis/rest/services/World_Imagery/WMTS/1.0.0/{TileMatrixSet}/MapServer/tile/15084/{TileMatrix}/{TileRow}/{TileCol}
World Imagery (Wayback 2015-02-18),WB_2015_R02,-2.003750722959434E7 -2.003750722959434E7,2.003750722959434E7 2.003750722959434E7,,"default028mm, GoogleMapsCompatible",https://wayback.maptiles.arcgis.com/arcgis/rest/services/World_Imagery/WMTS/1.0.0/{TileMatrixSet}/MapServer/tile/10443/{TileMatrix}/{TileRow}/{TileCol}
World Imagery (Wayback 2015-01-21),WB_2015_R01,-2.003750722959434E7 -2.003750722959434E7,2.003750722959434E7 2.003750722959434E7,,"default028mm, GoogleMapsCompatible",https://wayback.maptiles.arcgis.com/arcgis/rest/services/World_Imagery/WMTS/1.0.0/{TileMatrixSet}/MapServer/tile/20222/{TileMatrix}/{TileRow}/{TileCol}
World Imagery (Wayback 2014-12-30),WB_2014_R21,-2.003750722959434E7 -2.003750722959434E7,2.003750722959434E7 2.003750722959434E7,,"default028mm, GoogleMapsCompatible",https://wayback.maptiles.arcgis.com/arcgis/rest/services/World_Imagery/WMTS/1.0.0/{TileMatrixSet}/MapServer/tile/5844/{TileMatrix}/{TileRow}/{TileCol}
World Imagery (Wayback 2014-12-18),WB_2014_R20,-2.003750722959434E7 -2.003750722959434E7,2.003750722959434E7 2.003750722959434E7,,"default028mm, GoogleMapsCompatible",https://wayback.maptiles.arcgis.com/arcgis/rest/services/World_Imagery/WMTS/1.0.0/{TileMatrixSet}/MapServer/tile/14720/{TileMatrix}/{TileRow}/{TileCol}
World Imagery (Wayback 2014-12-03),WB_2014_R19,-2.003750722959434E7 -2.003750722959434E7,2.003750722959434E7 2.003750722959434E7,,"default028mm, GoogleMapsCompatible",https://wayback.maptiles.arcgis.com/arcgis/rest/services/World_Imagery/WMTS/1.0.0/{TileMatrixSet}/MapServer/tile/23383/{TileMatrix}/{TileRow}/{TileCol}
World Imagery (Wayback 2014-11-12),WB_2014_R18,-2.003750722959434E7 -2.003750722959434E7,2.003750722959434E7 2.003750722959434E7,,"default028mm, GoogleMapsCompatible",https://wayback.maptiles.arcgis.com/arcgis/rest/services/World_Imagery/WMTS/1.0.0/{TileMatrixSet}/MapServer/tile/30195/{TileMatrix}/{TileRow}/{TileCol}
World Imagery (Wayback 2014-10-29),WB_2014_R17,-2.003750722959434E7 -2.003750722959434E7,2.003750722959434E7 2.003750722959434E7,,"default028mm, GoogleMapsCompatible",https://wayback.maptiles.arcgis.com/arcgis/rest/services/World_Imagery/WMTS/1.0.0/{TileMatrixSet}/MapServer/tile/11019/{TileMatrix}/{TileRow}/{TileCol}
World Imagery (Wayback 2014-10-01),WB_2014_R15,-2.003750722959434E7 -2.003750722959434E7,2.003750722959434E7 2.003750722959434E7,,"default028mm, GoogleMapsCompatible",https://wayback.maptiles.arcgis.com/arcgis/rest/services/World_Imagery/WMTS/1.0.0/{TileMatrixSet}/MapServer/tile/22692/{TileMatrix}/{TileRow}/{TileCol}
World Imagery (Wayback 2014-09-17),WB_2014_R14,-2.003750722959434E7 -2.003750722959434E7,2.003750722959434E7 2.003750722959434E7,,"default028mm, GoogleMapsCompatible",https://wayback.maptiles.arcgis.com/arcgis/rest/services/World_Imagery/WMTS/1.0.0/{TileMatrixSet}/MapServer/tile/25586/{TileMatrix}/{TileRow}/{TileCol}
World Imagery (Wayback 2014-07-30),WB_2014_R11,-2.003750722959434E7 -2.003750722959434E7,2.003750722959434E7 2.003750722959434E7,,"default028mm, GoogleMapsCompatible",https://wayback.maptiles.arcgis.com/arcgis/rest/services/World_Imagery/WMTS/1.0.0/{TileMatrixSet}/MapServer/tile/5232/{TileMatrix}/{TileRow}/{TileCol}
World Imagery (Wayback 2014-07-02),WB_2014_R10,-2.003750722959434E7 -2.003750722959434E7,2.003750722959434E7 2.003750722959434E7,,"default028mm, GoogleMapsCompatible",https://wayback.maptiles.arcgis.com/arcgis/rest/services/World_Imagery/WMTS/1.0.0/{TileMatrixSet}/MapServer/tile/3026/{TileMatrix}/{TileRow}/{TileCol}
World Imagery (Wayback 2014-06-25),WB_2014_R09,-2.003750722959434E7 -2.003750722959434E7,2.003750722959434E7 2.003750722959434E7,,"default028mm, GoogleMapsCompatible",https://wayback.maptiles.arcgis.com/arcgis/rest/services/World_Imagery/WMTS/1.0.0/{TileMatrixSet}/MapServer/tile/11033/{TileMatrix}/{TileRow}/{TileCol}
World Imagery (Wayback 2014-06-11),WB_2014_R08,-2.003750722959434E7 -2.003750722959434E7,2.003750722959434E7 2.003750722959434E7,,"default028mm, GoogleMapsCompatible",https://wayback.maptiles.arcgis.com/arcgis/rest/services/World_Imagery/WMTS/1.0.0/{TileMatrixSet}/MapServer/tile/31144/{TileMatrix}/{TileRow}/{TileCol}
World Imagery (Wayback 2014-05-14),WB_2014_R06,-2.003750722959434E7 -2.003750722959434E7,2.003750722959434E7 2.003750722959434E7,,"default028mm, GoogleMapsCompatible",https://wayback.maptiles.arcgis.com/arcgis/rest/services/World_Imagery/WMTS/1.0.0/{TileMatrixSet}/MapServer/tile/16513/{TileMatrix}/{TileRow}/{TileCol}
World Imagery (Wayback 2014-04-30),WB_2014_R05,-2.003750722959434E7 -2.003750722959434E7,2.003750722959434E7 2.003750722959434E7,,"default028mm, GoogleMapsCompatible",https://wayback.maptiles.arcgis.com/arcgis/rest/services/World_Imagery/WMTS/1.0.0/{TileMatrixSet}/MapServer/tile/19819/{TileMatrix}/{TileRow}/{TileCol}
World Imagery (Wayback 2014-03-26),WB_2014_R03,-2.003750722959434E7 -2.003750722959434E7,2.003750722959434E7 2.003750722959434E7,,"default028mm, GoogleMapsCompatible",https://wayback.maptiles.arcgis.com/arcgis/rest/services/World_Imagery/WMTS/1.0.0/{TileMatrixSet}/MapServer/tile/4230/{TileMatrix}/{TileRow}/{TileCol}
World Imagery (Wayback 2014-02-20),WB_2014_R01,-2.003750722959434E7 -2.003750722959434E7,2.003750722959434E7 2.003750722959434E7,,"default028mm, GoogleMapsCompatible",https://wayback.maptiles.arcgis.com/arcgis/rest/services/World_Imagery/WMTS/1.0.0/{TileMatrixSet}/MapServer/tile/10/{TileMatrix}/{TileRow}/{TileCol}
